indicador,media_antes_zona_critica,media_zona_critica,max_antes_zona_critica,max_zona_critica,ratio_media_zona_critica_vs_antes
rms,0.15736150063769694,0.1797280488912632,0.16556093292128318,0.5936098712110663,1.1421348180014002
std,0.11009275574070619,0.13671676437263233,0.1196665343743789,0.5794176170670109,1.2418325207031045
max_abs,0.7603317865429233,1.7824837962962963,1.907,5.0,2.3443499638505103
kurtosis,0.629741330000335,7.355853175138526,3.5145196912018983,71.56179057116358,11.68075338986344
