banda,media_antes_zona_critica,media_zona_critica,ratio_media_zona_critica_vs_antes,max_antes_zona_critica,max_zona_critica
energy_0_500,5455033.382621416,5733812.306404977,1.0511048978493316,6124719.84780437,25258611.6620078
energy_500_1000,274290.0908670267,365625.9622380831,1.3329900510891413,320372.8735166207,1702882.6342164492
energy_1000_3000,401096.73801810073,706520.9782957352,1.7614727603789468,517510.2500485376,6462222.375933498
energy_3000_5000,539204.4739987355,1067530.8887300412,1.9798257251339955,682475.9006380995,16883420.383229516
