band,energy_inicio,energy_mitad,energy_final,ratio_final_vs_inicio,ratio_mitad_vs_inicio
0-500 Hz,3568098.4103023508,5606488.323345551,25258611.6620078,7.079012055574851,1.5712818646362596
500-1000 Hz,263933.5201827,294026.0166093037,1688586.3983260072,6.397771670521934,1.114015439970539
1000-2000 Hz,95237.17907789294,205334.76581303013,2514195.9845265113,26.399311790516087,2.1560357814156816
2000-5000 Hz,421419.30992518534,802521.2526416127,20831446.774636507,49.4316380004863,1.9043295685337354
